"Code","Category","ImagePath","Score"
"CAKE-CR10-A0001"," WHOLE CAKE","Bread/Bread/Pizza Base/10_ Pizza Base (Thin) .jpg","1"
"CAKE-CR10-A0003"," WHOLE CAKE","Bread/Bread/Pizza Base/10_ Pizza Base (Thin) .jpg","1"
"CAKE-CR10-C0007"," WHOLE CAKE","Bread/Bread/Pizza Base/10_ Pizza Base (Thin) .jpg","1"
"CAKE-CR10-C0014"," WHOLE CAKE","Bread/Bread/Pizza Base/10_ Pizza Base (Thin) .jpg","1"
"CAKE-CR10-F0001"," WHOLE CAKE","Bread/Bread/Pizza Base/10_ Pizza Base (Thin) .jpg","1"
"CAKE-CR10-N0005"," WHOLE CAKE","Bread/Bread/Pizza Base/10_ Pizza Base (Thin) .jpg","1"
"CAKE-CR10-R0002"," WHOLE CAKE","Bread/Bread/Pizza Base/10_ Pizza Base (Thin) .jpg","1"
"CAKE-CR10-R0005"," WHOLE CAKE","Bread/Bread/Pizza Base/10_ Pizza Base (Thin) .jpg","1"
"CAKE-CR10-S0001"," WHOLE CAKE","Bread/Bread/Pizza Base/10_ Pizza Base (Thin) .jpg","1"
"CAKE-CR10-S0002"," WHOLE CAKE","Bread/Bread/Pizza Base/10_ Pizza Base (Thin) .jpg","1"
"CAKE-CR10-S0004"," WHOLE CAKE","Bread/Bread/Pizza Base/10_ Pizza Base (Thin) .jpg","1"
"CAKE-CR8-A0001"," WHOLE CAKE","Bread/Bread/Pizza Base/8_ Pizza Base (Thin) .jpg","1"
"CAKE-CR8-A0002"," WHOLE CAKE","Bread/Bread/Pizza Base/8_ Pizza Base (Thin) .jpg","1"
"CAKE-CR8-A0004"," WHOLE CAKE","Bread/Bread/Pizza Base/8_ Pizza Base (Thin) .jpg","1"
"CAKE-CR8-B0001"," WHOLE CAKE","Bread/Bread/Pizza Base/8_ Pizza Base (Thin) .jpg","1"
"CAKE-CR8-B0003"," WHOLE CAKE","Bread/Bread/Pizza Base/8_ Pizza Base (Thin) .jpg","1"
"CAKE-CR8-B0011"," WHOLE CAKE","Bread/Bread/Pizza Base/8_ Pizza Base (Thin) .jpg","1"
"CAKE-CR8-B0012"," WHOLE CAKE","Bread/Bread/Pizza Base/8_ Pizza Base (Thin) .jpg","1"
"CAKE-CR8-B0013"," WHOLE CAKE","Bread/Bread/Pizza Base/8_ Pizza Base (Thin) .jpg","1"
"CAKE-CR8-C0007"," WHOLE CAKE","Bread/Bread/Pizza Base/8_ Pizza Base (Thin) .jpg","1"
"CAKE-CR8-C0008"," WHOLE CAKE","Bread/Bread/Pizza Base/8_ Pizza Base (Thin) .jpg","1"
"CAKE-CR8-C0009"," WHOLE CAKE","Bread/Bread/Pizza Base/8_ Pizza Base (Thin) .jpg","1"
"CAKE-CR8-C0018"," WHOLE CAKE","Bread/Bread/Pizza Base/8_ Pizza Base (Thin) .jpg","1"
"CAKE-CR8-C0029"," WHOLE CAKE","Bread/Bread/Pizza Base/8_ Pizza Base (Thin) .jpg","1"
"CAKE-CR8-C0030"," WHOLE CAKE","Bread/Bread/Pizza Base/8_ Pizza Base (Thin) .jpg","1"
"CAKE-CR8-C0033"," WHOLE CAKE","Bread/Bread/Pizza Base/8_ Pizza Base (Thin) .jpg","1"
"CAKE-CR8-C0078"," WHOLE CAKE","Bread/Bread/Pizza Base/8_ Pizza Base (Thin) .jpg","1"
"CAKE-CR8-C0080"," WHOLE CAKE","Bread/Bread/Pizza Base/8_ Pizza Base (Thin) .jpg","1"
"CAKE-CR8-F0001"," WHOLE CAKE","Bread/Bread/Pizza Base/8_ Pizza Base (Thin) .jpg","1"
"CAKE-CR8-F0002"," WHOLE CAKE","Bread/Bread/Pizza Base/8_ Pizza Base (Thin) .jpg","1"
"CAKE-CR8-H0001"," WHOLE CAKE","Bread/Bread/Pizza Base/8_ Pizza Base (Thin) .jpg","1"
"CAKE-CR8-M0002"," WHOLE CAKE","Bread/Bread/Pizza Base/8_ Pizza Base (Thin) .jpg","1"
"CAKE-CR8-M0010"," WHOLE CAKE","Bread/Bread/Pizza Base/8_ Pizza Base (Thin) .jpg","1"
"CAKE-CR8-M0033"," WHOLE CAKE","Bread/Bread/Pizza Base/8_ Pizza Base (Thin) .jpg","1"
"CAKE-CR8-M0034"," WHOLE CAKE","Bread/Bread/Pizza Base/8_ Pizza Base (Thin) .jpg","1"
"CAKE-CR8-N0001"," WHOLE CAKE","Bread/Bread/Pizza Base/8_ Pizza Base (Thin) .jpg","1"
"CAKE-CR8-N0002"," WHOLE CAKE","Bread/Bread/Pizza Base/8_ Pizza Base (Thin) .jpg","1"
"CAKE-CR8-N0004"," WHOLE CAKE","Bread/Bread/Pizza Base/8_ Pizza Base (Thin) .jpg","1"
"CAKE-CR8-O0002"," WHOLE CAKE","Bread/Bread/Pizza Base/8_ Pizza Base (Thin) .jpg","1"
"CAKE-CR8-O0008"," WHOLE CAKE","Bread/Bread/Pizza Base/8_ Pizza Base (Thin) .jpg","1"
"CAKE-CR8-O0009"," WHOLE CAKE","Bread/Bread/Pizza Base/8_ Pizza Base (Thin) .jpg","1"
"CAKE-CR8-P0007"," WHOLE CAKE","Bread/Bread/Pizza Base/8_ Pizza Base (Thin) .jpg","1"
"CAKE-CR8-P0027"," WHOLE CAKE","Bread/Bread/Pizza Base/8_ Pizza Base (Thin) .jpg","1"
"CAKE-CR8-P0028"," WHOLE CAKE","Bread/Bread/Pizza Base/8_ Pizza Base (Thin) .jpg","1"
"CAKE-CR8-R0001"," WHOLE CAKE","Bread/Bread/Pizza Base/8_ Pizza Base (Thin) .jpg","1"
"CAKE-CR8-R0004"," WHOLE CAKE","Bread/Bread/Pizza Base/8_ Pizza Base (Thin) .jpg","1"
"CAKE-CR8-R0007"," WHOLE CAKE","Bread/Bread/Pizza Base/8_ Pizza Base (Thin) .jpg","1"
"CAKE-CR8-R0016"," WHOLE CAKE","Bread/Bread/Pizza Base/8_ Pizza Base (Thin) .jpg","1"
"CAKE-CR8-R0029"," WHOLE CAKE","Bread/Bread/Pizza Base/8_ Pizza Base (Thin) .jpg","1"
"CAKE-CR8-S0001"," WHOLE CAKE","Bread/Bread/Pizza Base/8_ Pizza Base (Thin) .jpg","1"
"CAKE-CR8-S0002"," WHOLE CAKE","Bread/Bread/Pizza Base/8_ Pizza Base (Thin) .jpg","1"
"CAKE-CR8-S0006"," WHOLE CAKE","Bread/Bread/Pizza Base/8_ Pizza Base (Thin) .jpg","1"
"CAKE-CR8-S0007"," WHOLE CAKE","Bread/Bread/Pizza Base/8_ Pizza Base (Thin) .jpg","1"
"CAKE-CR8-S0019"," WHOLE CAKE","Bread/Bread/Pizza Base/8_ Pizza Base (Thin) .jpg","1"
"CAKE-CR8-S0042"," WHOLE CAKE","Bread/Bread/Pizza Base/8_ Pizza Base (Thin) .jpg","1"
"CAKE-CR8-T0002"," WHOLE CAKE","Bread/Bread/Pizza Base/8_ Pizza Base (Thin) .jpg","1"
"CAKE-CR9-C0001"," WHOLE CAKE","Cake/Cake/Round Cake/9_ & 10_ Round Cake/9_ & 10_ Caramelise .JPG","0.333333333333333"
"CAKE-CR9-C0002"," WHOLE CAKE","Cake/Cake/Round Cake/9_ & 10_ Round Cake/9 Dark Choco Crepe.png","1"
"CAKE-CR9-C0004"," WHOLE CAKE","Cake/Cake/Round Cake/10_ Round Cake/10_ California Carrot & Walnut Cake .jpg","0.333333333333333"
"CAKE-CR9-C0008"," WHOLE CAKE","Cake/Cake/Round Cake/8_ Round Cake/8_ Classic Black Forest .jpg","0.4"
"CAKE-CR9-F0002"," WHOLE CAKE","Cake/Cake/Round Cake/8_ Round Cake/8_ Forest Noire .jpg","0.5"
"CAKE-CR9-G0001"," WHOLE CAKE","Cake/Cake/Round Cake/9_ & 10_ Round Cake/9 Dark Choco Crepe.png","1"
"CAKE-CR9-G0002"," WHOLE CAKE","Cake/Cake/Round Cake/9_ & 10_ Round Cake/9 Dark Choco Crepe.png","1"
"CAKE-CR9-P0001"," WHOLE CAKE","Cake/Cake/Round Cake/9_ & 10_ Round Cake/9 Dark Choco Crepe.png","1"
"CAKE-CR9-P0002"," WHOLE CAKE","Cake/Cake/Round Cake/9_ & 10_ Round Cake/9 Dark Choco Crepe.png","1"
"CAKE-CR9-R0002"," WHOLE CAKE","Cake/Cake/Round Cake/9_ & 10_ Round Cake/9 Dark Choco Crepe.png","1"
"CAKE-CR9-T0001"," WHOLE CAKE","Cake/Cake/Round Cake/9_ & 10_ Round Cake/9 Dark Choco Crepe.png","1"
"CAKE-CR9-V0002"," WHOLE CAKE","Cake/Cake/Round Cake/9_ & 10_ Round Cake/9 Dark Choco Crepe.png","1"
"CAKE-BLK-B0028","BLOCK CAKE","Cake/Cake/Round Cake/10_ Round Cake/10_ Red Velvet Cake.jpg","0.6"
"CAKE-BLK-B0029","BLOCK CAKE","Cake/Cake/Round Cake/10_ Round Cake/10_ Nutella Cheese Cake.jpg","0.333333333333333"
"CAKE-BLK-B0030","BLOCK CAKE","Cake/Cake/Round Cake/8_ Round Cake/8_ Mango Cheese Cake .jpg","0.5"
"CAKE-BLK-B0034","BLOCK CAKE","Cake/Cake/Round Cake/8_ Round Cake/8_ Banana Chocolate Cake .jpg","0.4"
"CAKE-BLK-B0035","BLOCK CAKE","Cake/Cake/Tray Cake/Tray Cake/Buffet Brownies Cake .jpg","0.5"
"CAKE-BLK-B0036","BLOCK CAKE","Cake/Cake/Round Cake/10_ Round Cake/10_ California Carrot & Walnut Cake .jpg","0.5"
"CAKE-BLK-B0037","BLOCK CAKE","Cake/Cake/Tray Cake/Tray Cake/Buffet Chocolate Fudge Cake .jpg","0.6"
"CAKE-BLK-B0038","BLOCK CAKE","Cake/Cake/Round Cake/10_ Round Cake/10_ California Carrot & Walnut Cake .jpg","0.285714285714286"
"CAKE-BLK-C0002","BLOCK CAKE","Cake/Cake/Round Cake/8_ Round Cake/8_ Banana Chocolate Cake .jpg","0.5"
"CAKE-BLK-C0004","BLOCK CAKE","Cake/Cake/Tray Cake/Tray Cake/COCONUT CAKE (1).jpg","1"
"CAKE-BLK-C0006","BLOCK CAKE","Cake/Cake/Round Cake/10_ Round Cake/10_ Nutella Cheese Cake.jpg","0.666666666666667"
"CAKE-BLK-G0001","BLOCK CAKE","Cake/Cake/Tray Cake/Tray Cake/Premium Green Tea Cake .jpg","0.6"
"CAKE-BLK-L0002","BLOCK CAKE","Cake/Cake/Round Cake/8_ Round Cake/Strawberry Cheese Cake 1.JPG","0.285714285714286"
"CAKE-BLK-L0003","BLOCK CAKE","Cake/Cake/Tray Cake/Tray Cake/Buffet Lamington Cake .jpg","0.5"
"CAKE-BLK-P0004","BLOCK CAKE","Cake/Cake/Individual cake/Mocha Cake.jpg","0.25"
"CAKE-BLK-P0006","BLOCK CAKE","Cake/Cake/Round Cake/8_ Round Cake/Pandan Gula Melaka Cheese CaKE.JPG","0.285714285714286"
"CAKE-BLK-P0008","BLOCK CAKE","Cake/Cake/Round Cake/8_ Round Cake/8_ Banana Chocolate Cake .jpg","0.6"
"CAKE-BLK-P0012","BLOCK CAKE","Cake/Cake/Tray Cake/Tray Cake/Premium Hazelnut Chocolate (Gianduja) .jpg","0.5"
"CAKE-BLK-P0019","BLOCK CAKE","Cake/Cake/Individual cake/Hazelnut Opera.JPG","0.25"
"CAKE-BLK-P0061","BLOCK CAKE","Cake/Cake/Round Cake/8_ Round Cake/Pandan Gula Melaka Cheese CaKE.JPG","1"
"CAKE-BLK-R0008","BLOCK CAKE","Cake/Cake/Round Cake/10_ Round Cake/10_ Rainbow  Cake with Marshmellow .jpg","0.5"
"CAKE-BLK-R0009","BLOCK CAKE","Cake/Cake/Round Cake/8_ Round Cake/Pandan Gula Melaka Cheese CaKE.JPG","1"
"CAKE-BLK-T0001","BLOCK CAKE","Cake/Cake/Round Cake/8_ Round Cake/Tiramisu Cake.jpg","0.5"
"CAKE-BLK-Y0001","BLOCK CAKE","Cake/Cake/Tray Cake/Tray Cake/Buffet Yam Cake .jpg","0.5"
"BREAD-BG-B0004","BREAD","Bread/Bread/Burger Buns/Brioche Burger (no sesame) .jpg","0.5"
"BREAD-BG-B0008","BREAD","Bread/Bread/Burger Buns/Premium Burger Bun (Sesame) 60gm  .jpg","0.666666666666667"
"BREAD-BG-B0009","BREAD","Bread/Bread/Burger Buns/4.5_ Burger Bun (Sesame) .jpg","1"
"BREAD-BG-B0043","BREAD","Bread/Bread/Burger Buns/Premium Burger Bun (Sesame) 60gm  .jpg","0.571428571428571"
"BREAD-BG-C0003","BREAD","Bread/Bread/Burger Buns/Charcoal Bun (no sesame) .jpg","0.571428571428571"
"BREAD-BG-C0011","BREAD","Bread/Bread/Burger Buns/Charcoal Bun (White Sesame) .jpg","0.571428571428571"
"BREAD-BG-E0002","BREAD","Bread/Bread/Burger Buns/English Muffin.jpg","0.4"
"BREAD-BG-M0001","BREAD","Bread/Bread/Burger Buns/4.5_ Burger Bun (Sesame) .jpg","0.428571428571429"
"BREAD-BG-M0003","BREAD","Bread/Bread/Burger Buns/Mini Soft Bun .jpg","0.5"
"BREAD-BG-P0001","BREAD","Bread/Bread/Burger Buns/Premium Burger Bun (Sesame) 60gm  .jpg","0.571428571428571"
"BREAD-BG-P0002","BREAD","Bread/Bread/Burger Buns/Premium Burger Bun (sesame) 80gm .jpg","0.571428571428571"
"BREAD-BG-P0009","BREAD","Bread/Bread/Burger Buns/Polo Burger Bun.JPG","0.5"
"BREAD-BG-S0004","BREAD","Bread/Bread/Burger Buns/Soup Bread .jpg","0.4"
"BREAD-BL-G0004","BREAD","Bread/Bread/Artisan Bread/Sourdough bread .jpg","0.2"
"BREAD-BL-G0007","BREAD","Bread/Bread/Artisan Bread/6_ Oregano Parmesan Cheese Baguette .jpg","0.2"
"BREAD-BL-G0008","BREAD","logo.png","0"
"BREAD-BL-G0009","BREAD","Muffin/Muffin Orange Poppy Seed .jpg","0.333333333333333"
"BREAD-BR-H0001","BREAD","Bread/Bread/Artisan Bread/Handmade Ciabatta .jpg","0.4"
"BREAD-BR-H0002","BREAD","Bread/Bread/Artisan Bread/Handmade Panini Bread .jpg","0.6"
"BREAD-FL-F0001","BREAD","Bread/Bread/Artisan Bread/23_ French Loaf .jpg","1"
"BREAD-FL-O0002","BREAD","Bread/Bread/Artisan Bread/6_ Oregano Parmesan Cheese Baguette .jpg","1"
"BREAD-FL-V0007","BREAD","Bread/Bread/Artisan Bread/7_ Vietnam bread Baguette .jpg","1"
"BREAD-LF-B0014","BREAD","Bread/Bread/Sandwich Loaf/White Sandwich (Open Top) - CUT 1.5cm .jpg","0.3"
"BREAD-LF-C0005","BREAD","Bread/Bread/Sandwich Loaf/Charcoal Sandwich .jpg","0.333333333333333"
"BREAD-LF-K0002","BREAD","Bread/Bread/Artisan Bread/Kraft Bread.JPG","0.4"
"BREAD-LF-L0002","BREAD","Bread/Bread/Sandwich Loaf/Light Brown Sandwich Loaf .png","0.444444444444444"
"BREAD-LF-M0004","BREAD","Bread/Bread/Sandwich Loaf/White Sandwich (Open Top) - CUT 1.5cm .jpg","0.375"
"BREAD-LF-S0003","BREAD","Bread/Bread/Sandwich Loaf/Shibuya Toast .jpg","0.25"
"BREAD-LF-S0009","BREAD","Bread/Bread/Artisan Bread/Sourdough bread .jpg","0.4"
"BREAD-LF-S0010","BREAD","Bread/Bread/Artisan Bread/Sourdough bread .jpg","0.25"
"BREAD-LF-W0002","BREAD","Bread/Bread/Sandwich Loaf/White Sandwich (Open Top) - CUT 1.5cm .jpg","0.454545454545455"
"BREAD-LF-W0004","BREAD","Bread/Bread/Sandwich Loaf/White Sandwich Uncut .jpg","0.428571428571429"
"BREAD-LF-W0009","BREAD","Bread/Bread/Sandwich Loaf/White Sandwich (Open Top) - CUT 1.5cm .jpg","0.444444444444444"
"BREAD-LF-W0015","BREAD","Bread/Bread/Sandwich Loaf/White Sandwich (Open Top) - CUT 1.5cm .jpg","0.5"
"BREAD-LF-W0018","BREAD","Bread/Bread/Sandwich Loaf/White Sandwich - Cut 2cm .jpg","0.4"
"BREAD-LF-W0036","BREAD","Bread/Bread/Sandwich Loaf/White Sandwich (Open Top) - CUT 1.5cm .jpg","0.5"
"BREAD-RL-S0002","BREAD","Bread/Bread/Artisan Bread/6_ Oregano Parmesan Cheese Baguette .jpg","1"
"DONUT-C0001","DONUT","Bread/Bread/Burger Buns/4.5_ Burger Bun (Sesame) .jpg","1"
"DONUT-C0002","DONUT","Bread/Bread/Burger Buns/4.5_ Burger Bun (Sesame) .jpg","1"
"DONUT-O0001","DONUT","Bread/Bread/Burger Buns/4.5_ Burger Bun (Sesame) .jpg","1"
"DONUT-P0003","DONUT","Bread/Bread/Burger Buns/4.5_ Burger Bun (Sesame) .jpg","1"
"DONUT-P0005","DONUT","Bread/Bread/Burger Buns/4.5_ Burger Bun (Sesame) .jpg","1"
"DONUT-P0012","DONUT","Doughnut/Doughnut/2.5_ Mini Donut Plain .png","0.5"
"DONUT-R0001","DONUT","Bread/Bread/Burger Buns/4.5_ Burger Bun (Sesame) .jpg","1"
"DONUT-S0001","DONUT","Bread/Bread/Burger Buns/4.5_ Burger Bun (Sesame) .jpg","1"
"DONUT-S0002","DONUT","Bread/Bread/Burger Buns/4.5_ Burger Bun (Sesame) .jpg","1"
"DONUT-T0001","DONUT","Bread/Bread/Burger Buns/4.5_ Burger Bun (Sesame) .jpg","1"
"DONUT-W0001","DONUT","Bread/Bread/Burger Buns/4.5_ Burger Bun (Sesame) .jpg","1"
"CAKE-IL-B0002","INDIVIDUAL CAKE","Cake/Cake/Round Cake/10_ Round Cake/10_ Nutella Cheese Cake.jpg","0.222222222222222"
"CAKE-IL-B0003","INDIVIDUAL CAKE","Cake/Cake/Individual cake/Brownies .jpg","0.166666666666667"
"CAKE-IL-C0002","INDIVIDUAL CAKE","Cake/Cake/Individual cake/Caramelis Chocolate .jpg","0.222222222222222"
"CAKE-IL-C0017","INDIVIDUAL CAKE","Cake/Cake/Individual cake/Classic Cappucino .jpg","0.222222222222222"
"CAKE-IL-C0038","INDIVIDUAL CAKE","Cake/Cake/Round Cake/8_ Round Cake/8_ Snicker Chocolate Caramel cake .jpg","0.333333333333333"
"CAKE-IL-E0014","INDIVIDUAL CAKE","Cake/Cake/Individual cake/Exotic Coconut.JPG","0.285714285714286"
"CAKE-IL-G0002","INDIVIDUAL CAKE","Cake/Cake/Round Cake/9_ & 10_ Round Cake/9 Green Tea Crepe.png","0.375"
"CAKE-IL-H0008","INDIVIDUAL CAKE","Bread/Bread/Sandwich Loaf/White Sandwich (Open Top) - CUT 1.5cm .jpg","0.0714285714285714"
"CAKE-IL-H0009","INDIVIDUAL CAKE","Cake/Cake/Individual cake/Hojicha.JPG","0.142857142857143"
"CAKE-IL-I0002","INDIVIDUAL CAKE","Bread/Bread/Burger Buns/4.5_ Burger Bun (Sesame) .jpg","0.0666666666666667"
"CAKE-IL-L0006","INDIVIDUAL CAKE","Cake/Cake/Individual cake/Double Chocolate .jpg","0.25"
"CAKE-IL-M0007","INDIVIDUAL CAKE","Cake/Cake/Individual cake/Milky Chocolate .jpg","0.25"
"CAKE-IL-M0012","INDIVIDUAL CAKE","Cake/Cake/Individual cake/Mocha Cake.jpg","0.285714285714286"
"CAKE-IL-P0001","INDIVIDUAL CAKE","Bread/Bread/Burger Buns/Premium Burger Bun (Sesame) 60gm  .jpg","0.142857142857143"
"CAKE-IL-P0022","INDIVIDUAL CAKE","Cake/Cake/Individual cake/Passion Fruit Yogurt.jpg","0.333333333333333"
"CAKE-IL-R0016","INDIVIDUAL CAKE","Cake/Cake/Individual cake/Red Fruit Chocolate.JPG","0.333333333333333"
"CAKE-IL-T0004","INDIVIDUAL CAKE","Cake/Cake/Individual cake/Tropical Mango .jpg","0.153846153846154"
"CAKE-IL-T0005","INDIVIDUAL CAKE","Cake/Cake/Individual cake/Tiramisu Cup .jpg","0.285714285714286"
"CAKE-CUP-M0001","INDIVIDUAL CAKE - CUP SERIES","Cake/Cake/Shooter/CARAMEL COFFEE CUP.png","0.5"
"CAKE-CUP-M0002","INDIVIDUAL CAKE - CUP SERIES","Cake/Cake/Shooter/GREEN TEA ADZUKI CUP.png","0.5"
"CAKE-CUP-M0003","INDIVIDUAL CAKE - CUP SERIES","Cake/Cake/Shooter/INDULGENCE CUP.png","0.333333333333333"
"CAKE-CUP-M0004","INDIVIDUAL CAKE - CUP SERIES","Cake/Cake/Shooter/ORANGE CHOCOLATE CUP.png","0.428571428571429"
"CAKE-CUP-M0005","INDIVIDUAL CAKE - CUP SERIES","Cake/Cake/Shooter/PANDAN GULA MELAKA CUP.png","0.5"
"CAKE-CUP-M0006","INDIVIDUAL CAKE - CUP SERIES","Cake/Cake/Shooter/PINEAPPLE COCONUT CUP.png","0.5"
"CAKE-CUP-M0007","INDIVIDUAL CAKE - CUP SERIES","Cake/Cake/Shooter/PASSION MANGO CUP.png","0.5"
"CAKE-CUP-M0008","INDIVIDUAL CAKE - CUP SERIES","Cake/Cake/Shooter/ROSE LYCHEE CUP.png","0.428571428571429"
"CAKE-CUP-M0009","INDIVIDUAL CAKE - CUP SERIES","logo.png","0"
"CAKE-CUP-M0010","INDIVIDUAL CAKE - CUP SERIES","logo.png","0"
"CAKE-IL-H0007","INDIVIDUAL CAKE - OPERA SERIES","Cake/Cake/Individual cake/Hazelnut Opera.JPG","0.166666666666667"
"CAKE-IL-M0035","INDIVIDUAL CAKE - OPERA SERIES","Cake/Cake/Individual cake/Matcha Opera.JPG","0.166666666666667"
"CAKE-IL-O0001","INDIVIDUAL CAKE - OPERA SERIES","Cake/Cake/Round Cake/10_ Round Cake/10_ California Carrot & Walnut Cake .jpg","0.166666666666667"
"CAKE-IL-R0015","INDIVIDUAL CAKE - OPERA SERIES","Cake/Cake/Individual cake/Raspberry Opera .JPG","0.166666666666667"
"CAKE-IL-S0005","INDIVIDUAL CAKE - OPERA SERIES","Cake/Cake/Individual cake/Sea Salt Opera.JPG","0.230769230769231"
"CAKE-IL-P0023","INDIVIDUAL CAKE - PETITE SERIES","Cake/Cake/Round Cake/8_ Ambient Cake/Biscoff Butter Cake 1(1).JPG","0.181818181818182"
"CAKE-IL-P0024","INDIVIDUAL CAKE - PETITE SERIES","Cake/Cake/Round Cake/8_ Ambient Cake/Biscoff Butter Cake 1(1).JPG","0.166666666666667"
"CAKE-IL-P0025","INDIVIDUAL CAKE - PETITE SERIES","Cake/Cake/Tray Cake/Tray Cake/Premium Green Tea Cake .jpg","0.272727272727273"
"CAKE-IL-P0026","INDIVIDUAL CAKE - PETITE SERIES","Cake/Cake/Round Cake/8_ Ambient Cake/Biscoff Butter Cake 1(1).JPG","0.2"
"CAKE-IL-P0027","INDIVIDUAL CAKE - PETITE SERIES","Cake/Cake/Round Cake/8_ Ambient Cake/Biscoff Butter Cake 1(1).JPG","0.2"
"MCN-M0012","MACARON","Cake/Cake/Tray Cake/Tray Cake/Rainbow Tray.png","0.1"
"MCN-M0012-P","MACARON","Cake/Cake/Round Cake/8_ Ambient Cake/Biscoff Butter Cake 1(1).JPG","0.2"
"MCN-M0012-P","MACARON","Cake/Cake/Tray Cake/Tray Cake/Rainbow Tray.png","0.1"
"MCN-M0013","MACARON","Cake/Cake/Tray Cake/Tray Cake/Rainbow Tray.png","0.1"
"MCN-M0013-P","MACARON","Cake/Cake/Tray Cake/Tray Cake/Rainbow Tray.png","0.1"
"MCN-M0013-P","MACARON","Cake/Cake/Round Cake/8_ Ambient Cake/Biscoff Butter Cake 1(1).JPG","0.2"
"MCN-M0014","MACARON","Cake/Cake/Round Cake/8_ Round Cake/8_ Blue Velvet Cake .jpg","0.1"
"MCN-M0014-P","MACARON","Cake/Cake/Round Cake/8_ Round Cake/8_ Blue Velvet Cake .jpg","0.1"
"MCN-M0014-P","MACARON","Cake/Cake/Round Cake/8_ Ambient Cake/Biscoff Butter Cake 1(1).JPG","0.2"
"MCN-M0015","MACARON","Cake/Cake/Shooter/ORANGE CHOCOLATE CUP.png","0.1"
"MCN-M0015-P","MACARON","Cake/Cake/Round Cake/8_ Ambient Cake/Biscoff Butter Cake 1(1).JPG","0.2"
"MCN-M0015-P","MACARON","Cake/Cake/Shooter/ORANGE CHOCOLATE CUP.png","0.1"
"MCN-M0016","MACARON","Bread/Bread/Sandwich Loaf/Light Brown Sandwich Loaf .png","0.1"
"MCN-M0016-P","MACARON","Cake/Cake/Round Cake/8_ Ambient Cake/Biscoff Butter Cake 1(1).JPG","0.2"
"MCN-M0016-P","MACARON","Bread/Bread/Sandwich Loaf/Light Brown Sandwich Loaf .png","0.1"
"MCN-M0017","MACARON","Bread/Bread/Sandwich Loaf/Light Brown Sandwich Loaf .png","0.0909090909090909"
"MCN-M0017-P","MACARON","Bread/Bread/Sandwich Loaf/Light Brown Sandwich Loaf .png","0.0909090909090909"
"MCN-M0017-P","MACARON","Cake/Cake/Round Cake/8_ Ambient Cake/Biscoff Butter Cake 1(1).JPG","0.181818181818182"
"MCN-M0018","MACARON","Cake/Cake/Individual cake/Green Tea .jpg","0.1"
"MCN-M0018-P","MACARON","Cake/Cake/Round Cake/8_ Ambient Cake/Biscoff Butter Cake 1(1).JPG","0.2"
"MCN-M0018-P","MACARON","Cake/Cake/Individual cake/Green Tea .jpg","0.1"
"MCN-M0019","MACARON","Cake/Cake/Tray Cake/Tray Cake/Rainbow Tray.png","0.1"
"MCN-M0019-P","MACARON","Cake/Cake/Tray Cake/Tray Cake/Rainbow Tray.png","0.1"
"MCN-M0019-P","MACARON","Cake/Cake/Round Cake/8_ Ambient Cake/Biscoff Butter Cake 1(1).JPG","0.2"
"MCN-M0020","MACARON","Bread/Bread/Burger Buns/Burger Bun Black & White Sesame.jpg","0.1"
"MCN-M0020-P","MACARON","Bread/Bread/Sandwich Loaf/White Sandwich (Open Top) - CUT 1.5cm .jpg","0.2"
"MCN-M0020-P","MACARON","Bread/Bread/Burger Buns/Burger Bun Black & White Sesame.jpg","0.1"
"MCN-N0001","MACARON","Cake/Cake/Tray Cake/Tray Cake/Rainbow Tray.png","0.2"
"MCN-N0001-P","MACARON","Cake/Cake/Round Cake/8_ Ambient Cake/Biscoff Butter Cake 1(1).JPG","0.222222222222222"
"MCN-N0001-P","MACARON","logo.png","0.111111111111111"
"MCN-N0002","MACARON","Cake/Cake/Round Cake/8_ Round Cake/8_ Peanut Chocolate Cake .jpg","0.2"
"MCN-N0002-P","MACARON","logo.png","0.111111111111111"
"MCN-N0002-P","MACARON","Cake/Cake/Round Cake/8_ Ambient Cake/Biscoff Butter Cake 1(1).JPG","0.222222222222222"
"MCN-N0003","MACARON","Cake/Cake/Round Cake/8_ Round Cake/8_ Blueberry Cheese .jpg","0.2"
"MCN-N0003-P","MACARON","Cake/Cake/Round Cake/8_ Ambient Cake/Biscoff Butter Cake 1(1).JPG","0.222222222222222"
"MCN-N0003-P","MACARON","logo.png","0.111111111111111"
"MCN-N0004","MACARON","Macaron/Macaron/Dark Chocolate .jpg","0.333333333333333"
"MCN-N0004-P","MACARON","Cake/Cake/Round Cake/8_ Ambient Cake/Biscoff Butter Cake 1(1).JPG","0.2"
"MCN-N0004-P","MACARON","Macaron/Macaron/Dark Chocolate .jpg","0.2"
"MCN-N0005","MACARON","Cake/Cake/Individual cake/Green Tea .jpg","0.333333333333333"
"MCN-N0005-P","MACARON","Cake/Cake/Individual cake/Green Tea .jpg","0.2"
"MCN-N0005-P","MACARON","Cake/Cake/Individual cake/Green Tea .jpg","0.2"
"MCN-N0006","MACARON","Cake/Cake/Tray Cake/Tray Cake/Rainbow Tray.png","0.2"
"MCN-N0006-P","MACARON","logo.png","0.111111111111111"
"MCN-N0006-P","MACARON","Cake/Cake/Round Cake/8_ Ambient Cake/Biscoff Butter Cake 1(1).JPG","0.222222222222222"
"MCN-N0007","MACARON","Cake/Cake/Round Cake/10_ Round Cake/10_ Strawberry Shortcake .jpg","0.2"
"MCN-N0007-P","MACARON","logo.png","0.111111111111111"
"MCN-N0007-P","MACARON","Cake/Cake/Round Cake/8_ Ambient Cake/Biscoff Butter Cake 1(1).JPG","0.222222222222222"
"MCN-N0008","MACARON","Cake/Cake/Tray Cake/Tray Cake/Buffet Yam Cake .jpg","0.2"
"MCN-N0008-P","MACARON","Cake/Cake/Round Cake/8_ Ambient Cake/Biscoff Butter Cake 1(1).JPG","0.222222222222222"
"MCN-N0008-P","MACARON","logo.png","0.111111111111111"
"MCN-P0001","MACARON","Macaron/Macaron/PM - Choco banana .jpg","0.333333333333333"
"MCN-P0001-P","MACARON","Macaron/Macaron/PM - Choco banana .jpg","0.2"
"MCN-P0001-P","MACARON","Cake/Cake/Round Cake/8_ Ambient Cake/Biscoff Butter Cake 1(1).JPG","0.2"
"MCN-P0002","MACARON","Macaron/Macaron/PM - Coffee Walnut .jpg","0.333333333333333"
"MCN-P0002-P","MACARON","Cake/Cake/Round Cake/8_ Ambient Cake/Biscoff Butter Cake 1(1).JPG","0.2"
"MCN-P0002-P","MACARON","Macaron/Macaron/PM - Coffee Walnut .jpg","0.2"
"MCN-P0003","MACARON","Cake/Cake/Tray Cake/Tray Cake/Premium Hazelnut Chocolate (Gianduja) .jpg","0.2"
"MCN-P0003-P","MACARON","logo.png","0.111111111111111"
"MCN-P0003-P","MACARON","Cake/Cake/Round Cake/8_ Ambient Cake/Biscoff Butter Cake 1(1).JPG","0.222222222222222"
"MCN-P0004","MACARON","Cake/Cake/Round Cake/8_ Round Cake/Passion Mango.jpg","0.333333333333333"
"MCN-P0004-P","MACARON","Cake/Cake/Round Cake/8_ Ambient Cake/Biscoff Butter Cake 1(1).JPG","0.2"
"MCN-P0004-P","MACARON","Cake/Cake/Round Cake/8_ Round Cake/Passion Mango.jpg","0.2"
"MCN-P0005","MACARON","Macaron/Macaron/PM - Mint Choco .jpg","0.333333333333333"
"MCN-P0005-P","MACARON","Cake/Cake/Round Cake/8_ Ambient Cake/Biscoff Butter Cake 1(1).JPG","0.2"
"MCN-P0005-P","MACARON","Macaron/Macaron/PM - Mint Choco .jpg","0.2"
"MCN-P0007","MACARON","Cake/Cake/Individual cake/Raspberry Opera .JPG","0.2"
"MCN-P0007-P","MACARON","logo.png","0.111111111111111"
"MCN-P0007-P","MACARON","Cake/Cake/Round Cake/8_ Ambient Cake/Biscoff Butter Cake 1(1).JPG","0.222222222222222"
"MCN-P0019","MACARON","Macaron/Macaron/PM  Red Velvet with Cream cheese .jpeg","0.555555555555556"
"MCN-P0019-P","MACARON","Macaron/Macaron/PM  Red Velvet with Cream cheese .jpeg","0.384615384615385"
"MCN-P0019-P","MACARON","Macaron/Macaron/PM  Red Velvet with Cream cheese .jpeg","0.384615384615385"
"MFF-M0053","MINI MUFFIN","Muffin/Muffin Chocolate Banan .jpg","0.222222222222222"
"MFF-M0054","MINI MUFFIN","Bread/Bread/Burger Buns/English Muffin.jpg","0.111111111111111"
"MFF-M0055","MINI MUFFIN","Cake/Cake/Individual cake/Green Tea .jpg","0.2"
"MFF-M0056","MINI MUFFIN","Muffin/Muffin Red Velvet with Cream Cheese .jpg","0.3"
"MFF-M0057","MINI MUFFIN","Muffin/Muffin Red Velvet with Cream Cheese .jpg","0.176470588235294"
"MFF-M0023","MUFFIN","Muffin/Muffin Blueberry .jpg","0.285714285714286"
"MFF-M0023-12","MUFFIN","Muffin/Muffin Blueberry .jpg","0.222222222222222"
"MFF-M0024","MUFFIN","Cake/Cake/Round Cake/10_ Round Cake/10_Chocolate banana pie.png","0.25"
"MFF-M0024-12","MUFFIN","Cake/Cake/Round Cake/10_ Round Cake/10_Chocolate banana pie.png","0.2"
"MFF-M0025","MUFFIN","Muffin/Muffin Chocolate Banan .jpg","0.25"
"MFF-M0025-12","MUFFIN","Muffin/Muffin Chocolate Banan .jpg","0.2"
"MFF-M0026","MUFFIN","Muffin/Muffin Coffee Walnut .jpg","0.375"
"MFF-M0026-12","MUFFIN","Muffin/Muffin Coffee Walnut .jpg","0.3"
"MFF-M0027","MUFFIN","Muffin/Muffin Orange Poppy Seed .jpg","0.444444444444444"
"MFF-M0027-12","MUFFIN","Muffin/Muffin Orange Poppy Seed .jpg","0.363636363636364"
"MFF-M0033","MUFFIN","Muffin/Muffin Double Chocolate .jpg","0.375"
"MFF-M0033-12","MUFFIN","Muffin/Muffin Double Chocolate .jpg","0.3"
"MFF-M0034","MUFFIN","Muffin/Muffin Red Velvet with Cream Cheese .jpg","0.545454545454545"
"MFF-M0034-12","MUFFIN","Muffin/Muffin Red Velvet with Cream Cheese .jpg","0.461538461538462"
"CRT-B0005","PASTRY","Pastry/Pastry/Croissant/Butter Croissant (1).jpg","0.25"
"CRT-B0006","PASTRY","Pastry/Pastry/Croissant/Butter Croissant 80gm .jpg","0.375"
"CRT-B0010","PASTRY","Pastry/Pastry/Croissant/Artisan Croissant(1).jpg","0.285714285714286"
"CRT-B0011","PASTRY","Pastry/Pastry/Croissant/CLASSIC CROISSANT (1).jpg","0.285714285714286"
"CRT-B0013","PASTRY","Cake/Cake/Round Cake/8_ Round Cake/8_Cempedak baked Cheese 1.JPG","0.333333333333333"
"CRT-C0007","PASTRY","Pastry/Pastry/Croissant/Cheese & Chicken Slice Croissant .jpg","0.5"
"CRT-C0010","PASTRY","Pastry/Pastry/Croissant/CHOCOLATE LAVA CROISSANT (1).jpg","0.375"
"CRT-C0011","PASTRY","Pastry/Pastry/Croissant/Croffle.png","0.2"
"CRT-H0002","PASTRY","Pastry/Pastry/Croissant/Hazelnut Lava Croissant .jpg","0.375"
"CRT-M0003","PASTRY","Bread/Bread/Burger Buns/Mini Burger Bun .jpg","0.166666666666667"
"CRT-S0002","PASTRY","Pastry/Pastry/Croissant/Salted Egg Yolk Croissant .jpg","0.444444444444444"
"DP-A0002","PASTRY","Cake/Cake/Round Cake/10_ Round Cake/10_ Apple Crumble.jpg","0.166666666666667"
"DP-C0001","PASTRY","Pastry/Pastry/Croissant/Cruffin Cut.png","0.25"
"DP-C0002","PASTRY","Pastry/Pastry/Danish Pastry/Chocolate roll Danish .jpg","0.375"
"DP-C0003","PASTRY","Pastry/Pastry/Puff Pastry/Curry Chicken Puff 5_- Prebake .jpg","0.25"
"DP-C0006","PASTRY","Pastry/Pastry/Danish Pastry/Custard raisin cinnamon danish .jpg","0.5"
"DP-C0008","PASTRY","Pastry/Pastry/Danish Pastry/Chocolate roll Danish .jpg","0.3"
"DP-C0009","PASTRY","Pastry/Pastry/Danish Pastry/Chocolate roll Danish .jpg","0.428571428571429"
"DP-N0001","PASTRY","Bread/Bread/Burger Buns/Premium Burger Bun (sesame) 80gm .jpg","0.142857142857143"
"DP-T0001","PASTRY","Pastry/Pastry/Croissant/Cheese & Chicken Slice Croissant .jpg","0.285714285714286"
"DP-Y0001","PASTRY","Cake/Cake/Tray Cake/Tray Cake/Buffet Yam Cake .jpg","0.166666666666667"
"PP-PB-B0009","PASTRY","Pastry/Pastry/Puff Pastry/Bolognese Chicken Puff 2.JPG","0.428571428571429"
"PP-PB-C0007","PASTRY","Pastry/Pastry/Puff Pastry/Curry Chicken Puff 5_- Prebake .jpg","0.428571428571429"
"PP-PB-H0001","PASTRY","Pastry/Pastry/Puff Pastry/6_ Sausage puff .jpg","0.25"
"PP-PB-K0002","PASTRY","Pastry/Pastry/Puff Pastry/Kapitan Chicken Puff 2.JPG","0.428571428571429"
"PP-PB-R0001","PASTRY","Pastry/Pastry/Puff Pastry/Bolognese Chicken Puff 2.JPG","0.285714285714286"
"PP-PB-S0007","PASTRY","Bread/Bread/Artisan Bread/6_ Oregano Parmesan Cheese Baguette .jpg","1"
"PP-PB-T0002","PASTRY","Pastry/Pastry/Puff Pastry/Bolognese Chicken Puff 2.JPG","0.25"
"PIZZA-P0001","PIZZA","Bread/Bread/Pizza Base/10_ Pizza Base (Thin) .jpg","1"
"PIZZA-P0002","PIZZA","Bread/Bread/Pizza Base/10_ Pizza Base (Thin) .jpg","1"
"PIZZA-P0009","PIZZA","Bread/Bread/Artisan Bread/6_ Oregano Parmesan Cheese Baguette .jpg","1"
"PIZZA-P0012","PIZZA","Bread/Bread/Pizza Base/8_ Pizza Base (Thin) .jpg","1"
"PIZZA-P0013","PIZZA","Bread/Bread/Pizza Base/8_ Pizza Base (Thin) .jpg","1"
"SCN-P0001","SCONE","Doughnut/Doughnut/2.5_ Mini Donut Plain .png","0.142857142857143"
"CAKE-SL-B0001","SLAB CAKE","Cake/Cake/Round Cake/8_ Round Cake/8_ Banana Chocolate Cake .jpg","0.4"
"CAKE-SL-B0002","SLAB CAKE","Cake/Cake/Tray Cake/Tray Cake/Buffet Brownies Cake .jpg","0.5"
"CAKE-SL-B0003","SLAB CAKE","Cake/Cake/Round Cake/10_ Round Cake/10_ Nutella Cheese Cake.jpg","0.333333333333333"
"CAKE-SL-B0004","SLAB CAKE","Cake/Cake/Tray Cake/Tray Cake/Buffet Lamington Cake .jpg","0.5"
"CAKE-SL-B0005","SLAB CAKE","Cake/Cake/Round Cake/10_ Round Cake/10_ California Carrot & Walnut Cake .jpg","0.285714285714286"
"CAKE-SL-C0001","SLAB CAKE","Cake/Cake/Round Cake/10_ Round Cake/10_ California Carrot & Walnut Cake .jpg","0.5"
"CAKE-SL-C0002","SLAB CAKE","Cake/Cake/Round Cake/8_ Round Cake/8_ Banana Chocolate Cake .jpg","0.5"
"CAKE-SL-C0003","SLAB CAKE","Cake/Cake/Tray Cake/Tray Cake/Buffet Chocolate Fudge Cake .jpg","0.6"
"CAKE-SL-C0004","SLAB CAKE","Cake/Cake/Tray Cake/Tray Cake/COCONUT CAKE (1).jpg","1"
"CAKE-SL-C0006","SLAB CAKE","Cake/Cake/Round Cake/10_ Round Cake/10_ Nutella Cheese Cake.jpg","0.5"
"CAKE-SL-G0001","SLAB CAKE","Cake/Cake/Tray Cake/Tray Cake/Premium Green Tea Cake .jpg","0.6"
"CAKE-SL-H0001","SLAB CAKE","Cake/Cake/Individual cake/Hazelnut Opera.JPG","0.4"
"CAKE-SL-L0002","SLAB CAKE","Cake/Cake/Round Cake/8_ Round Cake/Strawberry Cheese Cake 1.JPG","0.285714285714286"
"CAKE-SL-M0001","SLAB CAKE","Cake/Cake/Individual cake/Matcha Opera.JPG","0.4"
"CAKE-SL-M0002","SLAB CAKE","Cake/Cake/Round Cake/8_ Round Cake/8_ Mango Cheese Cake .jpg","0.5"
"CAKE-SL-P0001","SLAB CAKE","Cake/Cake/Round Cake/8_ Round Cake/8_ Banana Chocolate Cake .jpg","0.6"
"CAKE-SL-P0004","SLAB CAKE","Cake/Cake/Individual cake/Mocha Cake.jpg","0.25"
"CAKE-SL-P0006","SLAB CAKE","Cake/Cake/Round Cake/8_ Round Cake/Pandan Gula Melaka Cheese CaKE.JPG","0.285714285714286"
"CAKE-SL-P0012","SLAB CAKE","Cake/Cake/Tray Cake/Tray Cake/Premium Hazelnut Chocolate (Gianduja) .jpg","0.5"
"CAKE-SL-P0019","SLAB CAKE","Cake/Cake/Individual cake/Hazelnut Opera.JPG","0.25"
"CAKE-SL-P0061","SLAB CAKE","Cake/Cake/Round Cake/8_ Round Cake/Pandan Gula Melaka Cheese CaKE.JPG","1"
"CAKE-SL-R0001","SLAB CAKE","Cake/Cake/Individual cake/Raspberry Opera .JPG","0.4"
"CAKE-SL-R0002","SLAB CAKE","Cake/Cake/Round Cake/10_ Round Cake/10_ Red Velvet Cake.jpg","0.6"
"CAKE-SL-R0008","SLAB CAKE","Cake/Cake/Round Cake/10_ Round Cake/10_ Rainbow  Cake with Marshmellow .jpg","0.5"
"CAKE-SL-R0009","SLAB CAKE","Cake/Cake/Round Cake/8_ Round Cake/Pandan Gula Melaka Cheese CaKE.JPG","1"
"CAKE-SL-S0001","SLAB CAKE","Cake/Cake/Individual cake/Sea Salt Opera.JPG","0.5"
"CAKE-SL-T0001","SLAB CAKE","Cake/Cake/Round Cake/8_ Round Cake/Tiramisu Cake.jpg","0.5"
"CAKE-SL-Y0001","SLAB CAKE","Cake/Cake/Tray Cake/Tray Cake/Buffet Yam Cake .jpg","0.5"
"TR-C0002","TARTLET","Pastry/Pastry/Tart Series/Chocolate Tart.png","0.153846153846154"
"TR-L0002","TARTLET","Pastry/Pastry/Tart Series/Lemon Tart.png","0.153846153846154"
"TR-P0007","TARTLET","Pastry/Pastry/Tart Series/Pecan Tart.png","0.153846153846154"
"TR-R0001","TARTLET","Pastry/Pastry/Tart Series/Raspberry Tart.png","0.153846153846154"
"TR-RD-T0006","TARTLET","Pastry/Pastry/TartShell/Tart Shell - Potuguese Raw Dough .jpg","0.307692307692308"
"TR-T0008","TARTLET","Bread/Bread/Burger Buns/4.5_ Burger Bun (Sesame) .jpg","0.0909090909090909"
